DateKey,Day,Month,Year,Weekend,SeasonCA,SeasonOther,date
1,26,4,1900,n,spring,summer,4/26/1900
2,1,1,1901,n,winter,spring,1/1/1901
3,1,1,1902,n,winter,spring,1/1/1902
4,1,3,1902,y,spring,spring,3/1/1902
5,22,5,1902,n,spring,summer,5/22/1902
6,1,1,1903,n,winter,spring,1/1/1903
7,29,4,1903,n,spring,summer,4/29/1903
8,1,1,1904,n,winter,spring,1/1/1904
9,1,9,1992,n,autumn,autumn,9/1/1992
10,17,7,1995,n,summer,autumn,7/17/1995
11,28,2,1903,y,winter,spring,2/28/1903
12,19,4,1904,n,spring,summer,4/19/1904
13,24,4,1904,y,spring,summer,4/24/1904
14,15,2,1905,n,winter,spring,2/15/1905
15,17,2,1905,n,winter,spring,2/17/1905
16,13,8,1905,y,summer,autumn,8/13/1905
17,1,1,1906,n,winter,spring,1/1/1906
18,29,8,1907,n,summer,autumn,8/29/1907
19,26,4,1908,y,spring,summer,4/26/1908
20,1,8,1908,y,summer,autumn,8/1/1908
21,3,8,1908,n,summer,autumn,8/3/1908
22,4,1,1909,n,winter,spring,1/4/1909
23,28,11,1909,y,autumn,winter,11/28/1909
24,1,1,1910,y,winter,spring,1/1/1910
25,21,1,1910,n,winter,spring,1/21/1910
26,5,3,1910,y,spring,spring,3/5/1910
27,15,4,1910,n,spring,summer,4/15/1910
28,18,4,1910,n,spring,summer,4/18/1910
29,11,7,1911,n,summer,autumn,7/11/1911
30,30,6,1912,y,summer,summer,6/30/1912
31,8,7,1912,n,summer,autumn,7/8/1912
32,10,7,1912,n,summer,autumn,7/10/1912
33,7,11,1913,n,autumn,winter,11/7/1913
34,13,11,1913,n,autumn,winter,11/13/1913
35,1,1,1914,n,winter,spring,1/1/1914
36,1,4,1914,n,spring,summer,4/1/1914
37,28,5,1914,n,spring,summer,5/28/1914
38,19,6,1914,n,summer,summer,6/19/1914
39,1,1,1915,n,winter,spring,1/1/1915
40,1,2,1915,n,winter,spring,2/1/1915
41,22,3,1915,n,spring,spring,3/22/1915
42,8,7,1915,n,summer,autumn,7/8/1915
43,9,7,1915,n,summer,autumn,7/9/1915
44,3,2,1916,n,winter,spring,2/3/1916
45,24,4,1916,n,spring,summer,4/24/1916
46,29,7,1916,y,summer,autumn,7/29/1916
47,11,9,1916,n,autumn,autumn,9/11/1916
48,1,1,1917,n,winter,spring,1/1/1917
49,25,7,1917,n,summer,autumn,7/25/1917
50,28,10,1917,y,autumn,winter,10/28/1917
51,19,11,1917,n,autumn,winter,11/19/1917
52,6,12,1917,n,winter,winter,12/6/1917
53,1,1,1918,n,winter,spring,1/1/1918
54,1,1,1925,n,winter,spring,1/1/1925
55,31,12,1918,n,winter,winter,12/31/1918
56,23,1,1918,n,winter,spring,1/23/1918
57,12,10,1918,y,autumn,winter,10/12/1918
58,23,10,1918,n,autumn,winter,10/23/1918
59,1,1,1919,n,winter,spring,1/1/1919
60,31,12,1919,n,winter,winter,12/31/1919
61,1,1,1920,n,winter,spring,1/1/1920
62,31,12,1920,n,winter,winter,12/31/1920
63,17,3,1920,n,spring,spring,3/17/1920
64,21,3,1920,y,spring,spring,3/21/1920
65,22,7,1920,n,summer,autumn,7/22/1920
66,1,4,1986,n,spring,summer,4/1/1986
67,30,6,1986,n,summer,summer,6/30/1986
68,4,4,1986,n,spring,summer,4/4/1986
69,29,5,1986,n,spring,summer,5/29/1986
70,30,5,1986,n,spring,summer,5/30/1986
71,2,6,1986,n,summer,summer,6/2/1986
72,14,5,1986,n,spring,summer,5/14/1986
73,15,5,1986,n,spring,summer,5/15/1986
74,16,5,1986,n,spring,summer,5/16/1986
75,4,4,1987,y,spring,summer,4/4/1987
76,16,7,1986,n,summer,autumn,7/16/1986
77,24,7,1986,n,summer,autumn,7/24/1986
78,26,10,1986,y,autumn,winter,10/26/1986
79,7,11,1986,n,autumn,winter,11/7/1986
80,29,5,1987,n,spring,summer,5/29/1987
81,6,7,1987,n,summer,autumn,7/6/1987
82,14,7,1987,n,summer,autumn,7/14/1987
83,1,10,1987,n,autumn,winter,10/1/1987
84,1,1,1988,n,winter,spring,1/1/1988
85,31,7,1987,n,summer,autumn,7/31/1987
86,7,3,1988,n,spring,spring,3/7/1988
87,1,4,1988,n,spring,summer,4/1/1988
88,8,5,1988,y,spring,summer,5/8/1988
89,10,5,1988,n,spring,summer,5/10/1988
90,24,5,1988,n,spring,summer,5/24/1988
91,4,6,1988,y,summer,summer,6/4/1988
92,11,6,1988,y,summer,summer,6/11/1988
93,20,6,1988,n,summer,summer,6/20/1988
94,28,6,1988,n,summer,summer,6/28/1988
95,29,6,1988,n,summer,summer,6/29/1988
96,5,7,1988,n,summer,autumn,7/5/1988
97,11,7,1988,n,summer,autumn,7/11/1988
98,17,12,1988,y,winter,winter,12/17/1988
99,8,7,1988,n,summer,autumn,7/8/1988
100,16,8,1988,n,summer,autumn,8/16/1988
101,25,11,1988,n,autumn,winter,11/25/1988
102,23,8,1988,n,summer,autumn,8/23/1988
103,1,1,1989,y,winter,spring,1/1/1989
104,30,1,1989,n,winter,spring,1/30/1989
105,10,3,1989,n,spring,spring,3/10/1989
106,1,7,1989,y,summer,autumn,7/1/1989
107,1,5,1989,n,spring,summer,5/1/1989
108,9,5,1989,n,spring,summer,5/9/1989
109,11,5,1989,n,spring,summer,5/11/1989
110,20,9,1989,n,autumn,autumn,9/20/1989
111,22,7,1989,y,summer,autumn,7/22/1989
112,10,9,1989,y,autumn,autumn,9/10/1989
113,12,9,1989,n,autumn,autumn,9/12/1989
114,29,9,1989,n,autumn,autumn,9/29/1989
115,2,10,1989,n,autumn,winter,10/2/1989
116,8,11,1989,n,autumn,winter,11/8/1989
117,12,11,1989,y,autumn,winter,11/12/1989
118,7,12,1989,n,winter,winter,12/7/1989
119,12,12,1989,n,winter,winter,12/12/1989
120,25,12,1989,n,winter,winter,12/25/1989
121,9,12,1990,y,winter,winter,12/9/1990
122,1,1,1990,n,winter,spring,1/1/1990
123,9,7,1990,n,summer,autumn,7/9/1990
124,20,7,1990,n,summer,autumn,7/20/1990
125,23,7,1990,n,summer,autumn,7/23/1990
126,28,5,2010,n,spring,summer,5/28/2010
127,30,5,2010,y,spring,summer,5/30/2010
128,18,12,1989,n,winter,winter,12/18/1989
129,17,1,1990,n,winter,spring,1/17/1990
130,11,2,1990,y,winter,spring,2/11/1990
131,12,2,1990,n,winter,spring,2/12/1990
132,28,2,1990,n,winter,spring,2/28/1990
133,23,2,1990,n,winter,spring,2/23/1990
134,19,3,1990,n,spring,spring,3/19/1990
135,23,4,1990,n,spring,summer,4/23/1990
136,27,3,1991,n,spring,spring,3/27/1991
137,16,5,1990,n,spring,summer,5/16/1990
138,19,5,1990,y,spring,summer,5/19/1990
139,25,5,1990,n,spring,summer,5/25/1990
140,4,7,1990,n,summer,autumn,7/4/1990
141,1,8,1990,n,summer,autumn,8/1/1990
142,29,8,1990,n,summer,autumn,8/29/1990
143,12,6,1990,n,summer,summer,6/12/1990
144,11,7,1990,n,summer,autumn,7/11/1990
145,26,9,1990,n,autumn,autumn,9/26/1990
146,8,11,1990,n,autumn,winter,11/8/1990
147,13,11,1990,n,autumn,winter,11/13/1990
148,16,12,1990,y,winter,winter,12/16/1990
149,17,6,2010,n,summer,summer,6/17/2010
150,1,1,1991,n,winter,spring,1/1/1991
151,11,1,1991,n,winter,spring,1/11/1991
152,12,3,1991,n,spring,spring,3/12/1991
153,1,4,1991,n,spring,summer,4/1/1991
154,7,4,1991,y,spring,summer,4/7/1991
155,8,4,1991,n,spring,summer,4/8/1991
156,1,5,1991,n,spring,summer,5/1/1991
157,8,5,1991,n,spring,summer,5/8/1991
158,9,5,1991,n,spring,summer,5/9/1991
159,29,6,1991,y,summer,summer,6/29/1991
160,3,7,1991,n,summer,autumn,7/3/1991
161,9,7,1991,n,summer,autumn,7/9/1991
162,10,7,1991,n,summer,autumn,7/10/1991
163,11,7,1991,n,summer,autumn,7/11/1991
164,22,7,1991,n,summer,autumn,7/22/1991
165,5,8,1991,n,summer,autumn,8/5/1991
166,19,8,1991,n,summer,autumn,8/19/1991
167,27,8,1991,n,summer,autumn,8/27/1991
168,29,8,1991,n,summer,autumn,8/29/1991
169,1,9,1991,y,autumn,autumn,9/1/1991
170,7,9,1991,y,autumn,autumn,9/7/1991
171,26,9,1991,n,autumn,autumn,9/26/1991
172,1,10,1991,n,autumn,winter,10/1/1991
173,8,10,1991,n,autumn,winter,10/8/1991
174,16,10,1991,n,autumn,winter,10/16/1991
175,25,10,1991,n,autumn,winter,10/25/1991
176,3,11,1991,y,autumn,winter,11/3/1991
177,14,10,1991,n,autumn,winter,10/14/1991
178,20,11,1991,n,autumn,winter,11/20/1991
179,30,11,1991,y,autumn,winter,11/30/1991
180,6,12,1991,n,winter,winter,12/6/1991
181,1,1,1992,n,winter,spring,1/1/1992
182,21,1,1992,n,winter,spring,1/21/1992
183,1,2,1992,y,winter,spring,2/1/1992
184,4,2,1992,n,winter,spring,2/4/1992
185,16,2,1992,y,winter,spring,2/16/1992
186,28,8,1992,n,summer,autumn,8/28/1992
187,31,1,1992,n,winter,spring,1/31/1992
188,28,2,1992,n,winter,spring,2/28/1992
189,4,3,1992,n,spring,spring,3/4/1992
190,12,3,1992,n,spring,spring,3/12/1992
191,13,3,1992,n,spring,spring,3/13/1992
192,19,3,1992,n,spring,spring,3/19/1992
193,26,3,1992,n,spring,spring,3/26/1992
194,25,4,1992,y,spring,summer,4/25/1992
195,9,5,1992,y,spring,summer,5/9/1992
196,18,5,1992,n,spring,summer,5/18/1992
197,25,5,1992,n,spring,summer,5/25/1992
198,31,7,1992,n,summer,autumn,7/31/1992
199,18,12,1992,n,winter,winter,12/18/1992
200,17,6,1992,n,summer,summer,6/17/1992
201,30,7,1992,n,summer,autumn,7/30/1992
202,18,9,1992,n,autumn,autumn,9/18/1992
203,6,10,1992,n,autumn,winter,10/6/1992
204,21,12,1992,n,winter,winter,12/21/1992
205,1,1,1993,n,winter,spring,1/1/1993
206,15,3,1993,n,spring,spring,3/15/1993
207,12,4,1993,n,spring,summer,4/12/1993
208,27,4,1993,n,spring,summer,4/27/1993
209,29,7,1993,n,summer,autumn,7/29/1993
210,30,7,1993,n,summer,autumn,7/30/1993
211,4,7,1993,y,summer,autumn,7/4/1993
212,14,7,1993,n,summer,autumn,7/14/1993
213,25,7,1993,y,summer,autumn,7/25/1993
214,14,8,1993,y,summer,autumn,8/14/1993
215,17,10,1993,y,autumn,winter,10/17/1993
216,1,11,1993,n,autumn,winter,11/1/1993
217,1,3,1994,n,spring,spring,3/1/1994
218,26,11,1993,n,autumn,winter,11/26/1993
219,23,1,1994,y,winter,spring,1/23/1994
220,6,2,1994,y,winter,spring,2/6/1994
221,5,1,1994,n,winter,spring,1/5/1994
222,16,1,1994,y,winter,spring,1/16/1994
223,17,1,1994,n,winter,spring,1/17/1994
224,28,1,1994,n,winter,spring,1/28/1994
225,16,4,1994,y,spring,summer,4/16/1994
226,26,4,1994,n,spring,summer,4/26/1994
227,18,5,1994,n,spring,summer,5/18/1994
228,22,5,1994,y,spring,summer,5/22/1994
229,18,6,1994,y,summer,summer,6/18/1994
230,24,7,1994,y,summer,autumn,7/24/1994
231,1,1,1995,y,winter,spring,1/1/1995
232,4,7,1995,n,summer,autumn,7/4/1995
233,25,5,1994,n,spring,summer,5/25/1994
234,1,8,1994,n,summer,autumn,8/1/1994
235,4,8,1994,n,summer,autumn,8/4/1994
236,27,8,1994,y,summer,autumn,8/27/1994
237,28,8,1994,y,summer,autumn,8/28/1994
238,17,10,1994,n,autumn,winter,10/17/1994
239,21,10,1994,n,autumn,winter,10/21/1994
240,8,12,1994,n,winter,winter,12/8/1994
241,12,12,1994,n,winter,winter,12/12/1994
242,21,1,1995,y,winter,spring,1/21/1995
243,10,3,1995,n,spring,spring,3/10/1995
244,29,5,1995,n,spring,summer,5/29/1995
245,1,4,1995,y,spring,summer,4/1/1995
246,5,6,1995,n,summer,summer,6/5/1995
247,9,6,1995,n,summer,summer,6/9/1995
248,6,6,1995,n,summer,summer,6/6/1995
249,15,6,1995,n,summer,summer,6/15/1995
250,10,7,1995,n,summer,autumn,7/10/1995
251,13,7,1995,n,summer,autumn,7/13/1995
252,15,7,1995,y,summer,autumn,7/15/1995
253,30,7,1995,y,summer,autumn,7/30/1995
254,11,8,1995,n,summer,autumn,8/11/1995
255,11,9,1995,n,autumn,autumn,9/11/1995
256,26,9,1995,n,autumn,autumn,9/26/1995
257,5,10,1995,n,autumn,winter,10/5/1995
258,6,10,1995,n,autumn,winter,10/6/1995
259,16,11,1995,n,autumn,winter,11/16/1995
260,10,12,1995,y,winter,winter,12/10/1995
261,11,12,1995,n,winter,winter,12/11/1995
262,27,11,1995,n,autumn,winter,11/27/1995
263,29,11,1995,n,autumn,winter,11/29/1995
264,1,1,1996,n,winter,spring,1/1/1996
265,17,2,1996,y,winter,spring,2/17/1996
266,19,2,1996,n,winter,spring,2/19/1996
267,20,4,1996,y,spring,summer,4/20/1996
268,17,5,1996,n,spring,summer,5/17/1996
269,19,5,1996,y,spring,summer,5/19/1996
270,5,7,1996,n,summer,autumn,7/5/1996
271,6,7,1996,y,summer,autumn,7/6/1996
272,16,7,1996,n,summer,autumn,7/16/1996
273,18,4,1996,n,spring,summer,4/18/1996
274,8,5,1996,n,spring,summer,5/8/1996
275,17,6,1996,n,summer,summer,6/17/1996
276,21,6,1996,n,summer,summer,6/21/1996
277,18,7,1996,n,summer,autumn,7/18/1996
278,24,7,1996,n,summer,autumn,7/24/1996
279,25,7,1996,n,summer,autumn,7/25/1996
280,8,8,1996,n,summer,autumn,8/8/1996
281,29,11,1996,n,autumn,winter,11/29/1996
282,29,12,1996,y,winter,winter,12/29/1996
283,1,1,1997,n,winter,spring,1/1/1997
284,9,1,1997,n,winter,spring,1/9/1997
285,18,3,1997,n,spring,spring,3/18/1997
286,24,3,1997,n,spring,spring,3/24/1997
287,30,3,1997,y,spring,spring,3/30/1997
288,3,4,1997,n,spring,summer,4/3/1997
289,29,10,2006,y,autumn,winter,10/29/2006
290,19,4,1997,y,spring,summer,4/19/1997
291,23,4,1997,n,spring,summer,4/23/1997
292,22,4,1997,n,spring,summer,4/22/1997
293,14,5,1997,n,spring,summer,5/14/1997
294,1,5,1997,n,spring,summer,5/1/1997
295,29,5,1997,n,spring,summer,5/29/1997
296,10,6,1997,n,summer,summer,6/10/1997
297,13,5,2007,y,spring,summer,5/13/2007
298,12,6,1997,n,summer,summer,6/12/1997
299,17,6,1997,n,summer,summer,6/17/1997
300,20,6,1997,n,summer,summer,6/20/1997
301,10,7,1997,n,summer,autumn,7/10/1997
302,11,7,1997,n,summer,autumn,7/11/1997
303,13,10,1997,n,autumn,winter,10/13/1997
304,1,1,1998,n,winter,spring,1/1/1998
305,4,1,1998,y,winter,spring,1/4/1998
306,10,1,1998,y,winter,spring,1/10/1998
307,16,1,1998,n,winter,spring,1/16/1998
308,9,3,1998,n,spring,spring,3/9/1998
309,10,3,1998,n,spring,spring,3/10/1998
310,1,1,1999,n,winter,spring,1/1/1999
311,3,1,1999,y,winter,spring,1/3/1999
312,31,7,2008,n,summer,autumn,7/31/2008
313,4,8,2008,n,summer,autumn,8/4/2008
314,28,3,1998,y,spring,spring,3/28/1998
315,15,4,1998,n,spring,summer,4/15/1998
316,5,5,1998,n,spring,summer,5/5/1998
317,21,5,1998,n,spring,summer,5/21/1998
318,18,6,1998,n,summer,summer,6/18/1998
319,4,7,1998,y,summer,autumn,7/4/1998
320,31,7,1998,n,summer,autumn,7/31/1998
321,10,7,1998,n,summer,autumn,7/10/1998
322,5,7,1998,y,summer,autumn,7/5/1998
323,22,7,1998,n,summer,autumn,7/22/1998
324,1,8,1998,y,summer,autumn,8/1/1998
325,10,8,1998,n,summer,autumn,8/10/1998
326,17,8,1998,n,summer,autumn,8/17/1998
327,24,12,1998,n,winter,winter,12/24/1998
328,29,12,1998,n,winter,winter,12/29/1998
329,2,9,1998,n,autumn,autumn,9/2/1998
330,23,11,1998,n,autumn,winter,11/23/1998
331,25,11,1998,n,autumn,winter,11/25/1998
332,13,2,1999,y,winter,spring,2/13/1999
333,21,2,1999,y,winter,spring,2/21/1999
334,13,1,1999,n,winter,spring,1/13/1999
335,15,1,1999,n,winter,spring,1/15/1999
336,25,1,1999,n,winter,spring,1/25/1999
337,29,1,1999,n,winter,spring,1/29/1999
338,11,2,1999,n,winter,spring,2/11/1999
339,1,3,1999,n,spring,spring,3/1/1999
340,30,7,1999,n,summer,autumn,7/30/1999
341,5,3,1999,n,spring,spring,3/5/1999
342,1,4,1999,n,spring,summer,4/1/1999
343,30,6,1999,n,summer,summer,6/30/1999
344,23,4,1999,n,spring,summer,4/23/1999
345,31,5,1999,n,spring,summer,5/31/1999
346,4,5,1999,n,spring,summer,5/4/1999
347,12,6,1999,y,summer,summer,6/12/1999
348,22,6,1999,n,summer,summer,6/22/1999
349,16,6,1999,n,summer,summer,6/16/1999
350,25,6,1999,n,summer,summer,6/25/1999
351,18,6,1999,n,summer,summer,6/18/1999
352,19,6,1999,y,summer,summer,6/19/1999
353,21,6,1999,n,summer,summer,6/21/1999
354,28,6,1999,n,summer,summer,6/28/1999
355,1,7,1999,n,summer,autumn,7/1/1999
356,4,7,1999,y,summer,autumn,7/4/1999
357,5,7,1999,n,summer,autumn,7/5/1999
358,6,7,1999,n,summer,autumn,7/6/1999
359,16,7,1999,n,summer,autumn,7/16/1999
360,9,8,1999,n,summer,autumn,8/9/1999
361,3,9,1999,n,autumn,autumn,9/3/1999
362,7,9,1999,n,autumn,autumn,9/7/1999
363,23,9,1999,n,autumn,autumn,9/23/1999
364,24,9,1999,n,autumn,autumn,9/24/1999
365,1,10,1999,n,autumn,winter,10/1/1999
366,7,12,1999,n,winter,winter,12/7/1999
367,30,12,1999,n,winter,winter,12/30/1999
368,17,1,2000,n,winter,spring,1/17/2000
369,22,1,2000,y,winter,spring,1/22/2000
370,13,4,2000,n,spring,summer,4/13/2000
371,14,4,2000,n,spring,summer,4/14/2000
372,20,4,2000,n,spring,summer,4/20/2000
373,21,4,2000,n,spring,summer,4/21/2000
374,14,7,2000,n,summer,autumn,7/14/2000
375,1,8,2000,n,summer,autumn,8/1/2000
376,19,5,2000,n,spring,summer,5/19/2000
377,3,7,2000,n,summer,autumn,7/3/2000
378,7,7,2000,n,summer,autumn,7/7/2000
379,29,10,2000,y,autumn,winter,10/29/2000
380,2,11,2000,n,autumn,winter,11/2/2000
381,11,11,2000,y,autumn,winter,11/11/2000
382,27,11,2000,n,autumn,winter,11/27/2000
383,10,2,2001,y,winter,spring,2/10/2001
384,1,4,2001,y,spring,summer,4/1/2001
385,1,6,2001,n,summer,summer,6/1/2001
386,31,7,2001,n,summer,autumn,7/31/2001
387,1,7,2001,y,summer,autumn,7/1/2001
388,11,9,2001,n,autumn,autumn,9/11/2001
389,19,9,2001,n,autumn,autumn,9/19/2001
390,14,4,2002,y,spring,summer,4/14/2002
391,20,5,2002,n,spring,summer,5/20/2002
392,14,5,2002,n,spring,summer,5/14/2002
393,17,5,2002,n,spring,summer,5/17/2002
394,7,6,2002,n,summer,summer,6/7/2002
395,22,5,2002,n,spring,summer,5/22/2002
396,30,5,2002,n,spring,summer,5/30/2002
397,1,5,2002,n,spring,summer,5/1/2002
398,9,6,2002,y,summer,summer,6/9/2002
399,11,6,2002,n,summer,summer,6/11/2002
400,21,6,2002,n,summer,summer,6/21/2002
401,23,6,2002,y,summer,summer,6/23/2002
402,24,6,2002,n,summer,summer,6/24/2002
403,28,6,2002,n,summer,summer,6/28/2002
404,30,6,2002,y,summer,summer,6/30/2002
405,1,7,2002,n,summer,autumn,7/1/2002
406,2,7,2002,n,summer,autumn,7/2/2002
407,3,7,2002,n,summer,autumn,7/3/2002
408,30,7,2002,n,summer,autumn,7/30/2002
409,12,8,2002,n,summer,autumn,8/12/2002
410,16,11,2002,y,autumn,winter,11/16/2002
411,21,1,2003,n,winter,spring,1/21/2003
412,21,2,2003,n,winter,spring,2/21/2003
413,15,2,2003,y,winter,spring,2/15/2003
414,31,3,2003,n,spring,spring,3/31/2003
415,1,4,2003,n,spring,summer,4/1/2003
416,31,10,2003,n,autumn,winter,10/31/2003
417,19,5,2003,n,spring,summer,5/19/2003
418,1,7,2003,n,summer,autumn,7/1/2003
419,31,8,2003,y,summer,autumn,8/31/2003
420,21,7,2003,n,summer,autumn,7/21/2003
421,4,8,2003,n,summer,autumn,8/4/2003
422,14,8,2003,n,summer,autumn,8/14/2003
423,29,9,2003,n,autumn,autumn,9/29/2003
424,16,10,2003,n,autumn,winter,10/16/2003
425,23,10,2003,n,autumn,winter,10/23/2003
426,18,2,2004,n,winter,spring,2/18/2004
427,20,2,2004,n,winter,spring,2/20/2004
428,24,3,2004,n,spring,spring,3/24/2004
429,26,3,2004,n,spring,spring,3/26/2004
430,19,5,2004,n,spring,summer,5/19/2004
431,8,7,2004,n,summer,autumn,7/8/2004
432,2,7,2004,n,summer,autumn,7/2/2004
433,11,7,2004,y,summer,autumn,7/11/2004
434,21,7,2004,n,summer,autumn,7/21/2004
435,10,8,2004,n,summer,autumn,8/10/2004
436,13,8,2004,n,summer,autumn,8/13/2004
437,14,8,2004,y,summer,autumn,8/14/2004
438,26,12,2004,y,winter,winter,12/26/2004
439,27,12,2004,n,winter,winter,12/27/2004
440,17,1,2005,n,winter,spring,1/17/2005
441,31,1,2005,n,winter,spring,1/31/2005
442,30,3,2005,n,spring,spring,3/30/2005
443,31,3,2005,n,spring,spring,3/31/2005
444,23,4,2005,y,spring,summer,4/23/2005
445,9,4,2005,y,spring,summer,4/9/2005
446,15,5,2005,y,spring,summer,5/15/2005
447,11,5,2005,n,spring,summer,5/11/2005
448,14,5,2005,y,spring,summer,5/14/2005
449,25,5,2005,n,spring,summer,5/25/2005
450,27,5,2005,n,spring,summer,5/27/2005
451,29,5,2005,y,spring,summer,5/29/2005
452,2,6,2005,n,summer,summer,6/2/2005
453,6,6,2005,n,summer,summer,6/6/2005
454,23,6,2005,n,summer,summer,6/23/2005
455,28,8,2005,y,summer,autumn,8/28/2005
456,31,8,2005,n,summer,autumn,8/31/2005
457,27,9,2005,n,autumn,autumn,9/27/2005
458,28,9,2005,n,autumn,autumn,9/28/2005
459,24,9,2005,y,autumn,autumn,9/24/2005
460,26,10,2005,n,autumn,winter,10/26/2005
461,13,12,2005,n,winter,winter,12/13/2005
462,4,2,2006,y,winter,spring,2/4/2006
463,13,4,2006,n,spring,summer,4/13/2006
464,23,4,2006,y,spring,summer,4/23/2006
465,20,5,2006,y,spring,summer,5/20/2006
466,16,6,2006,n,summer,summer,6/16/2006
467,18,6,2006,y,summer,summer,6/18/2006
468,27,5,2006,y,spring,summer,5/27/2006
469,3,7,2006,n,summer,autumn,7/3/2006
470,5,7,2006,n,summer,autumn,7/5/2006
471,4,7,2006,n,summer,autumn,7/4/2006
472,7,7,2006,n,summer,autumn,7/7/2006
473,6,7,2006,n,summer,autumn,7/6/2006
474,24,7,2006,n,summer,autumn,7/24/2006
475,15,8,2006,n,summer,autumn,8/15/2006
476,19,8,2006,y,summer,autumn,8/19/2006
477,28,10,2006,y,autumn,winter,10/28/2006
478,1,12,2006,n,winter,winter,12/1/2006
479,2,12,2006,y,winter,winter,12/2/2006
480,20,12,2006,n,winter,winter,12/20/2006
481,11,12,2006,n,winter,winter,12/11/2006
482,12,3,2007,n,spring,spring,3/12/2007
483,3,4,2007,n,spring,summer,4/3/2007
484,13,4,2007,n,spring,summer,4/13/2007
485,19,4,2007,n,spring,summer,4/19/2007
486,23,4,2007,n,spring,summer,4/23/2007
487,28,4,2007,y,spring,summer,4/28/2007
488,10,5,2007,n,spring,summer,5/10/2007
489,25,5,2007,n,spring,summer,5/25/2007
490,27,5,2007,y,spring,summer,5/27/2007
491,3,6,2007,y,summer,summer,6/3/2007
492,5,6,2007,n,summer,summer,6/5/2007
493,16,6,2007,y,summer,summer,6/16/2007
494,17,6,2007,y,summer,summer,6/17/2007
495,5,7,2007,n,summer,autumn,7/5/2007
496,21,7,2007,y,summer,autumn,7/21/2007
497,22,6,2007,n,summer,summer,6/22/2007
498,19,7,2007,n,summer,autumn,7/19/2007
499,26,7,2007,n,summer,autumn,7/26/2007
500,1,8,2007,n,summer,autumn,8/1/2007
501,4,8,2007,y,summer,autumn,8/4/2007
502,7,8,2007,n,summer,autumn,8/7/2007
503,8,8,2007,n,summer,autumn,8/8/2007
504,9,8,2007,n,summer,autumn,8/9/2007
505,12,11,2007,n,autumn,winter,11/12/2007
506,17,12,2007,n,winter,winter,12/17/2007
507,10,12,2007,n,winter,winter,12/10/2007
508,28,1,2008,n,winter,spring,1/28/2008
509,14,2,2008,n,winter,spring,2/14/2008
510,18,2,2008,n,winter,spring,2/18/2008
511,21,3,2008,n,spring,spring,3/21/2008
512,14,4,2008,n,spring,summer,4/14/2008
513,17,4,2008,n,spring,summer,4/17/2008
514,25,4,2008,n,spring,summer,4/25/2008
515,28,4,2008,n,spring,summer,4/28/2008
516,2,5,2008,n,spring,summer,5/2/2008
517,30,5,2008,n,spring,summer,5/30/2008
518,9,5,2008,n,spring,summer,5/9/2008
519,16,5,2008,n,spring,summer,5/16/2008
520,19,5,2008,n,spring,summer,5/19/2008
521,10,6,2008,n,summer,summer,6/10/2008
522,28,5,2008,n,spring,summer,5/28/2008
523,24,5,2008,y,spring,summer,5/24/2008
524,31,5,2008,y,spring,summer,5/31/2008
525,13,6,2008,n,summer,summer,6/13/2008
526,29,6,2008,y,summer,summer,6/29/2008
527,30,6,2008,n,summer,summer,6/30/2008
528,11,7,2008,n,summer,autumn,7/11/2008
529,1,7,2008,n,summer,autumn,7/1/2008
530,6,7,2008,y,summer,autumn,7/6/2008
531,20,7,2008,y,summer,autumn,7/20/2008
532,15,4,2007,y,spring,summer,4/15/2007
533,22,7,2008,n,summer,autumn,7/22/2008
534,10,8,2008,y,summer,autumn,8/10/2008
535,15,8,2008,n,summer,autumn,8/15/2008
536,7,9,2008,y,autumn,autumn,9/7/2008
537,15,9,2008,n,autumn,autumn,9/15/2008
538,24,4,1979,n,spring,summer,4/24/1979
539,7,5,1979,n,spring,summer,5/7/1979
540,8,6,1999,n,summer,summer,6/8/1999
541,1,6,1995,n,summer,summer,6/1/1995
542,17,4,2006,n,spring,summer,4/17/2006
543,3,11,2007,y,autumn,winter,11/3/2007
544,8,6,2008,y,summer,summer,6/8/2008
545,9,6,2008,n,summer,summer,6/9/2008
546,6,9,2008,y,autumn,autumn,9/6/2008
547,5,5,2008,n,spring,summer,5/5/2008
548,7,5,2008,n,spring,summer,5/7/2008
549,29,8,2008,n,summer,autumn,8/29/2008
550,31,8,2008,y,summer,autumn,8/31/2008
551,30,7,2008,n,summer,autumn,7/30/2008
552,17,5,2008,y,spring,summer,5/17/2008
553,6,1,2009,n,winter,spring,1/6/2009
554,8,1,2009,n,winter,spring,1/8/2009
555,28,11,2003,n,autumn,winter,11/28/2003
556,13,3,2003,n,spring,spring,3/13/2003
557,1,8,2008,n,summer,autumn,8/1/2008
558,21,1,2000,n,winter,spring,1/21/2000
559,1,4,2009,n,spring,summer,4/1/2009
560,1,2,2010,n,winter,spring,2/1/2010
561,14,4,2010,n,spring,summer,4/14/2010
562,1,5,2009,n,spring,summer,5/1/2009
563,23,5,2010,y,spring,summer,5/23/2010
564,31,8,2009,n,summer,autumn,8/31/2009
565,25,4,2009,y,spring,summer,4/25/2009
566,23,9,1993,n,autumn,autumn,9/23/1993
567,26,9,2005,n,autumn,autumn,9/26/2005
568,20,8,2009,n,summer,autumn,8/20/2009
569,1,8,2009,y,summer,autumn,8/1/2009
570,3,8,2009,n,summer,autumn,8/3/2009
571,28,6,2009,y,summer,summer,6/28/2009
572,4,7,2009,y,summer,autumn,7/4/2009
573,26,7,2009,y,summer,autumn,7/26/2009
574,14,5,2009,n,spring,summer,5/14/2009
575,5,4,2009,y,spring,summer,4/5/2009
576,4,5,2009,n,spring,summer,5/4/2009
577,23,6,2010,n,summer,summer,6/23/2010
578,4,8,2009,n,summer,autumn,8/4/2009
579,14,8,2009,n,summer,autumn,8/14/2009
580,6,7,2010,n,summer,autumn,7/6/2010
581,23,8,2009,y,summer,autumn,8/23/2009
582,25,10,2009,y,autumn,winter,10/25/2009
583,28,10,2009,n,autumn,winter,10/28/2009
584,4,11,2007,y,autumn,winter,11/4/2007
585,4,12,2007,n,winter,winter,12/4/2007
586,28,9,2008,y,autumn,autumn,9/28/2008
587,21,8,2010,y,summer,autumn,8/21/2010
588,22,8,2010,y,summer,autumn,8/22/2010
589,18,7,2009,y,summer,autumn,7/18/2009
590,4,11,2010,n,autumn,winter,11/4/2010
591,10,11,2010,n,autumn,winter,11/10/2010
592,21,5,2008,n,spring,summer,5/21/2008
593,25,5,2008,y,spring,summer,5/25/2008
594,2,1,2010,y,winter,spring,1/2/2010
595,3,1,2010,y,winter,spring,1/3/2010
596,29,6,2010,n,summer,summer,6/29/2010
597,2,7,2010,n,summer,autumn,7/2/2010
598,12,12,2010,y,winter,winter,12/12/2010
599,14,12,2010,n,winter,winter,12/14/2010
600,13,12,2010,n,winter,winter,12/13/2010
601,1,10,2002,n,autumn,winter,10/1/2002
602,6,6,2010,y,summer,summer,6/6/2010
603,22,7,2010,n,summer,autumn,7/22/2010
604,21,9,2010,n,autumn,autumn,9/21/2010
605,28,7,2010,n,summer,autumn,7/28/2010
606,8,9,2010,n,autumn,autumn,9/8/2010
607,12,1,2010,n,winter,spring,1/12/2010
608,1,1,1921,y,winter,spring,1/1/1921
609,15,7,1974,n,summer,autumn,7/15/1974
610,29,10,1978,y,autumn,winter,10/29/1978
611,7,11,1978,n,autumn,winter,11/7/1978
612,9,1,2008,n,winter,spring,1/9/2008
613,1,11,1978,n,autumn,winter,11/1/1978
614,8,2,1921,n,winter,spring,2/8/1921
615,13,7,1986,y,summer,autumn,7/13/1986
616,28,3,1987,y,spring,spring,3/28/1987
617,5,4,1987,y,spring,summer,4/5/1987
618,12,5,2010,n,spring,summer,5/12/2010
619,28,10,1921,n,autumn,winter,10/28/1921
620,2,4,1987,n,spring,summer,4/2/1987
621,19,7,1989,n,summer,autumn,7/19/1989
622,20,7,1989,n,summer,autumn,7/20/1989
623,1,1,1922,y,winter,spring,1/1/1922
624,23,8,1989,n,summer,autumn,8/23/1989
625,18,10,1989,n,autumn,winter,10/18/1989
626,6,4,2010,n,spring,summer,4/6/2010
627,27,5,2010,n,spring,summer,5/27/2010
628,17,6,1922,y,summer,summer,6/17/1922
629,25,6,1922,y,summer,summer,6/25/1922
630,19,7,1996,n,summer,autumn,7/19/1996
631,8,11,1996,n,autumn,winter,11/8/1996
632,9,11,1996,y,autumn,winter,11/9/1996
633,5,12,2010,y,winter,winter,12/5/2010
634,15,12,2010,n,winter,winter,12/15/2010
635,22,6,1922,n,summer,summer,6/22/1922
636,29,4,1999,n,spring,summer,4/29/1999
637,12,5,1999,n,spring,summer,5/12/1999
638,8,6,2005,n,summer,summer,6/8/2005
639,23,7,2005,y,summer,autumn,7/23/2005
640,25,7,2005,n,summer,autumn,7/25/2005
641,30,9,1922,y,autumn,autumn,9/30/1922
642,5,10,1922,n,autumn,winter,10/5/1922
643,24,3,2009,n,spring,spring,3/24/2009
644,21,5,2009,n,spring,summer,5/21/2009
645,1,3,2009,y,spring,spring,3/1/2009
646,1,7,2009,n,summer,autumn,7/1/2009
647,1,1,1923,n,winter,spring,1/1/1923
648,29,4,1923,y,spring,summer,4/29/1923
649,9,5,1923,n,spring,summer,5/9/1923
650,29,10,1924,n,autumn,winter,10/29/1924
651,1,1,1924,n,winter,spring,1/1/1924
652,7,5,1925,n,spring,summer,5/7/1925
653,1,1,1939,y,winter,spring,1/1/1939
654,1,3,1927,n,spring,spring,3/1/1927
655,1,9,1927,n,autumn,autumn,9/1/1927
656,9,1,1927,y,winter,spring,1/9/1927
657,24,8,1927,n,summer,autumn,8/24/1927
658,25,8,1927,n,summer,autumn,8/25/1927
659,1,1,1928,y,winter,spring,1/1/1928
660,1,4,1928,y,spring,summer,4/1/1928
661,1,1,1929,n,winter,spring,1/1/1929
662,18,1,1929,n,winter,spring,1/18/1929
663,20,1,1929,y,winter,spring,1/20/1929
664,5,4,1929,n,spring,summer,4/5/1929
665,9,4,1929,n,spring,summer,4/9/1929
666,18,11,1929,n,autumn,winter,11/18/1929
667,1,1,1930,n,winter,spring,1/1/1930
668,26,6,1930,n,summer,summer,6/26/1930
669,27,6,1930,n,summer,summer,6/27/1930
670,8,9,1931,n,autumn,autumn,9/8/1931
671,29,9,1931,n,autumn,autumn,9/29/1931
672,1,1,1931,n,winter,spring,1/1/1931
673,1,1,1938,y,winter,spring,1/1/1938
674,4,5,1933,n,spring,summer,5/4/1933
675,25,10,1933,n,autumn,winter,10/25/1933
676,20,11,1933,n,autumn,winter,11/20/1933
677,1,12,1933,n,winter,winter,12/1/1933
678,1,2,1934,n,winter,spring,2/1/1934
679,16,4,1934,n,spring,summer,4/16/1934
680,24,4,1934,n,spring,summer,4/24/1934
681,1,6,1935,y,summer,summer,6/1/1935
682,1,7,1935,n,summer,autumn,7/1/1935
683,10,1,1935,n,winter,spring,1/10/1935
684,15,1,1935,n,winter,spring,1/15/1935
685,1,1,1935,n,winter,spring,1/1/1935
686,25,8,1935,y,summer,autumn,8/25/1935
687,10,3,1936,n,spring,spring,3/10/1936
688,12,3,1936,n,spring,spring,3/12/1936
689,12,4,1936,y,spring,summer,4/12/1936
690,23,4,1936,n,spring,summer,4/23/1936
691,13,7,1936,n,summer,autumn,7/13/1936
692,19,7,1936,y,summer,autumn,7/19/1936
693,5,7,1936,y,summer,autumn,7/5/1936
694,17,7,1936,n,summer,autumn,7/17/1936
695,16,3,1936,n,spring,spring,3/16/1936
696,25,3,1936,n,spring,spring,3/25/1936
697,15,8,1936,y,summer,autumn,8/15/1936
698,1,9,1936,n,autumn,autumn,9/1/1936
699,13,1,1937,n,winter,spring,1/13/1937
700,14,1,1937,n,winter,spring,1/14/1937
701,26,4,1937,n,spring,summer,4/26/1937
702,28,4,1937,n,spring,summer,4/28/1937
703,1,9,1938,n,autumn,autumn,9/1/1938
704,10,10,1938,n,autumn,winter,10/10/1938
705,15,10,1938,y,autumn,winter,10/15/1938
706,6,12,1938,n,winter,winter,12/6/1938
707,2,2,1939,n,winter,spring,2/2/1939
708,1,1,1940,n,winter,spring,1/1/1940
709,14,3,1941,n,spring,spring,3/14/1941
710,14,5,1941,n,spring,summer,5/14/1941
711,15,6,1941,y,summer,summer,6/15/1941
712,2,8,1941,y,summer,autumn,8/2/1941
713,25,9,1941,n,autumn,autumn,9/25/1941
714,1,1,1942,n,winter,spring,1/1/1942
715,22,9,1942,n,autumn,autumn,9/22/1942
716,12,12,1942,y,winter,winter,12/12/1942
717,27,12,1942,y,winter,winter,12/27/1942
718,10,9,1943,n,autumn,autumn,9/10/1943
719,19,10,1943,n,autumn,winter,10/19/1943
720,1,1,1944,y,winter,spring,1/1/1944
721,11,12,1944,n,winter,winter,12/11/1944
722,12,12,1944,n,winter,winter,12/12/1944
723,18,7,1945,n,summer,autumn,7/18/1945
724,17,6,1946,n,summer,summer,6/17/1946
725,29,7,1946,n,summer,autumn,7/29/1946
726,15,9,1946,y,autumn,autumn,9/15/1946
727,30,1,1947,n,winter,spring,1/30/1947
728,8,2,1947,y,winter,spring,2/8/1947
729,5,2,1947,n,winter,spring,2/5/1947
730,5,4,1947,y,spring,summer,4/5/1947
731,12,4,1947,y,spring,summer,4/12/1947
732,30,4,1947,n,spring,summer,4/30/1947
733,1,9,1947,n,autumn,autumn,9/1/1947
734,16,3,1948,n,spring,spring,3/16/1948
735,21,4,1948,n,spring,summer,4/21/1948
736,1,11,1950,n,autumn,winter,11/1/1950
737,1,5,1948,y,spring,summer,5/1/1948
738,31,10,1948,y,autumn,winter,10/31/1948
739,31,5,1948,n,spring,summer,5/31/1948
740,14,9,1948,n,autumn,autumn,9/14/1948
741,22,8,1949,n,summer,autumn,8/22/1949
742,9,9,1949,n,autumn,autumn,9/9/1949
743,17,9,1949,y,autumn,autumn,9/17/1949
744,1,1,1950,y,winter,spring,1/1/1950
745,24,3,1950,n,spring,spring,3/24/1950
746,29,3,1950,n,spring,spring,3/29/1950
747,4,4,1950,n,spring,summer,4/4/1950
748,8,4,1950,y,spring,summer,4/8/1950
749,20,4,1950,n,spring,summer,4/20/1950
750,5,5,1950,n,spring,summer,5/5/1950
751,15,6,1950,n,summer,summer,6/15/1950
752,1,8,1950,n,summer,autumn,8/1/1950
753,21,11,1950,n,autumn,winter,11/21/1950
754,1,1,1951,n,winter,spring,1/1/1951
755,9,2,1951,n,winter,spring,2/9/1951
756,19,12,1951,n,winter,winter,12/19/1951
757,14,1,1952,n,winter,spring,1/14/1952
758,1,4,1952,n,spring,summer,4/1/1952
759,1,5,1952,n,spring,summer,5/1/1952
760,1,1,1953,n,winter,spring,1/1/1953
761,31,12,1953,n,winter,winter,12/31/1953
762,21,5,1953,n,spring,summer,5/21/1953
763,14,7,1953,n,summer,autumn,7/14/1953
764,24,8,1953,n,summer,autumn,8/24/1953
765,5,9,1953,y,autumn,autumn,9/5/1953
766,30,1,1954,y,winter,spring,1/30/1954
767,15,2,1954,n,winter,spring,2/15/1954
768,18,2,1954,n,winter,spring,2/18/1954
769,7,4,1954,n,spring,summer,4/7/1954
770,11,9,1954,y,autumn,autumn,9/11/1954
771,13,9,1954,n,autumn,autumn,9/13/1954
772,1,1,1955,y,winter,spring,1/1/1955
773,1,7,1955,n,summer,autumn,7/1/1955
774,31,8,1955,n,summer,autumn,8/31/1955
775,11,7,1955,n,summer,autumn,7/11/1955
776,12,11,1955,y,autumn,winter,11/12/1955
777,14,10,1954,n,autumn,winter,10/14/1954
778,15,10,1954,n,autumn,winter,10/15/1954
779,3,1,1956,n,winter,spring,1/3/1956
780,18,1,1956,n,winter,spring,1/18/1956
781,30,8,1956,n,summer,autumn,8/30/1956
782,31,8,1956,n,summer,autumn,8/31/1956
783,1,11,1956,n,autumn,winter,11/1/1956
784,9,12,1956,y,winter,winter,12/9/1956
785,15,10,1957,n,autumn,winter,10/15/1957
786,1,1,1957,n,winter,spring,1/1/1957
787,31,12,1958,n,winter,winter,12/31/1958
788,8,3,1957,n,spring,spring,3/8/1957
789,11,8,1957,y,summer,autumn,8/11/1957
790,22,11,1957,n,autumn,winter,11/22/1957
791,1,1,1958,n,winter,spring,1/1/1958
792,1,3,1958,y,spring,spring,3/1/1958
793,2,3,1958,y,spring,spring,3/2/1958
794,7,11,1958,n,autumn,winter,11/7/1958
795,1,1,1959,n,winter,spring,1/1/1959
796,17,6,1958,n,summer,summer,6/17/1958
797,23,10,1958,n,autumn,winter,10/23/1958
798,16,2,1959,n,winter,spring,2/16/1959
799,27,3,1959,n,spring,spring,3/27/1959
800,20,6,1959,y,summer,summer,6/20/1959
801,1,1,1960,n,winter,spring,1/1/1960
802,30,5,1961,n,spring,summer,5/30/1961
803,31,8,1961,n,summer,autumn,8/31/1961
804,4,2,1960,n,winter,spring,2/4/1960
805,18,4,1960,n,spring,summer,4/18/1960
806,9,5,1960,n,spring,summer,5/9/1960
807,14,5,1960,y,spring,summer,5/14/1960
808,2,7,1960,y,summer,autumn,7/2/1960
809,7,3,1963,n,spring,spring,3/7/1963
810,7,9,1960,n,autumn,autumn,9/7/1960
811,25,2,1961,y,winter,spring,2/25/1961
812,1,1,1961,y,winter,spring,1/1/1961
813,25,5,1961,n,spring,summer,5/25/1961
814,31,5,1961,n,spring,summer,5/31/1961
815,11,12,1962,n,winter,winter,12/11/1962
816,10,10,1961,n,autumn,winter,10/10/1961
817,14,10,1961,y,autumn,winter,10/14/1961
818,1,1,1962,n,winter,spring,1/1/1962
819,7,10,1962,y,autumn,winter,10/7/1962
820,8,10,1962,n,autumn,winter,10/8/1962
821,31,3,1962,y,spring,spring,3/31/1962
822,4,4,1962,n,spring,summer,4/4/1962
823,1,1,1963,n,winter,spring,1/1/1963
824,3,6,1963,n,summer,summer,6/3/1963
825,26,7,1963,n,summer,autumn,7/26/1963
826,28,7,1963,y,summer,autumn,7/28/1963
827,12,10,1962,n,autumn,winter,10/12/1962
828,3,5,1963,n,spring,summer,5/3/1963
829,29,11,1963,n,autumn,winter,11/29/1963
830,11,12,1963,n,winter,winter,12/11/1963
831,13,9,1964,y,autumn,autumn,9/13/1964
832,16,9,1964,n,autumn,autumn,9/16/1964
833,1,1,1964,n,winter,spring,1/1/1964
834,1,12,1964,n,winter,winter,12/1/1964
835,2,12,1964,n,winter,winter,12/2/1964
836,28,3,1964,y,spring,spring,3/28/1964
837,15,12,1964,n,winter,winter,12/15/1964
838,1,1,1965,n,winter,spring,1/1/1965
839,2,1,1965,y,winter,spring,1/2/1965
840,9,1,1965,y,winter,spring,1/9/1965
841,14,1,1965,n,winter,spring,1/14/1965
842,18,2,1965,n,winter,spring,2/18/1965
843,1,3,1965,n,spring,spring,3/1/1965
844,8,7,1965,n,summer,autumn,7/8/1965
845,1,1,1966,y,winter,spring,1/1/1966
846,4,3,1966,n,spring,spring,3/4/1966
847,14,4,1966,n,spring,summer,4/14/1966
848,3,11,1966,n,autumn,winter,11/3/1966
849,1,1,1967,y,winter,spring,1/1/1967
850,17,4,1967,n,spring,summer,4/17/1967
851,20,4,1967,n,spring,summer,4/20/1967
852,11,10,1967,n,autumn,winter,10/11/1967
853,12,10,1967,n,autumn,winter,10/12/1967
854,1,1,1968,n,winter,spring,1/1/1968
855,5,6,1968,n,summer,summer,6/5/1968
856,19,8,1968,n,summer,autumn,8/19/1968
857,13,1,1968,y,winter,spring,1/13/1968
858,2,2,1968,n,winter,spring,2/2/1968
859,21,10,1968,n,autumn,winter,10/21/1968
860,1,1,1969,n,winter,spring,1/1/1969
861,2,2,1969,y,winter,spring,2/2/1969
862,9,2,1969,y,winter,spring,2/9/1969
863,2,5,1969,n,spring,summer,5/2/1969
864,11,5,1969,y,spring,summer,5/11/1969
865,19,5,1969,n,spring,summer,5/19/1969
866,21,5,1969,n,spring,summer,5/21/1969
867,4,8,1969,n,summer,autumn,8/4/1969
868,2,12,1969,n,winter,winter,12/2/1969
869,28,12,1969,y,winter,winter,12/28/1969
870,2,2,1970,n,winter,spring,2/2/1970
871,6,2,1970,n,winter,spring,2/6/1970
872,27,2,1970,n,winter,spring,2/27/1970
873,22,4,1970,n,spring,summer,4/22/1970
874,5,5,1970,n,spring,summer,5/5/1970
875,30,4,1970,n,spring,summer,4/30/1970
876,27,6,1970,y,summer,summer,6/27/1970
877,28,6,1970,y,summer,summer,6/28/1970
878,5,7,1970,y,summer,autumn,7/5/1970
879,20,8,1970,n,summer,autumn,8/20/1970
880,5,10,1970,n,autumn,winter,10/5/1970
881,1,1,1971,n,winter,spring,1/1/1971
882,13,2,1971,y,winter,spring,2/13/1971
883,15,2,1971,n,winter,spring,2/15/1971
884,4,3,1971,n,spring,spring,3/4/1971
885,1,4,1971,n,spring,summer,4/1/1971
886,30,4,1971,n,spring,summer,4/30/1971
887,1,5,1971,y,spring,summer,5/1/1971
888,4,5,1971,n,spring,summer,5/4/1971
889,14,5,1971,n,spring,summer,5/14/1971
890,23,7,1971,n,summer,autumn,7/23/1971
891,15,8,1971,y,summer,autumn,8/15/1971
892,16,8,1971,n,summer,autumn,8/16/1971
893,1,1,1972,y,winter,spring,1/1/1972
894,24,9,1986,n,autumn,autumn,9/24/1986
895,27,8,1971,n,summer,autumn,8/27/1971
896,19,2,1972,y,winter,spring,2/19/1972
897,1,4,1972,y,spring,summer,4/1/1972
898,1,6,1972,n,summer,summer,6/1/1972
899,1,1,1973,n,winter,spring,1/1/1973
900,1,3,1973,n,spring,spring,3/1/1973
901,30,4,1973,n,spring,summer,4/30/1973
902,1,5,1972,n,spring,summer,5/1/1972
903,15,5,1972,n,spring,summer,5/15/1972
904,11,6,1972,y,summer,summer,6/11/1972
905,13,6,1972,n,summer,summer,6/13/1972
906,1,9,1972,n,autumn,autumn,9/1/1972
907,18,3,1973,y,spring,spring,3/18/1973
908,1,8,1973,n,summer,autumn,8/1/1973
909,27,8,1973,n,summer,autumn,8/27/1973
910,27,4,1973,n,spring,summer,4/27/1973
911,5,5,1973,y,spring,summer,5/5/1973
912,17,6,1973,y,summer,summer,6/17/1973
913,1,1,1974,n,winter,spring,1/1/1974
914,15,5,1974,n,spring,summer,5/15/1974
915,31,7,1974,n,summer,autumn,7/31/1974
916,30,6,1974,y,summer,summer,6/30/1974
917,1,3,1974,n,spring,spring,3/1/1974
918,1,4,1974,n,spring,summer,4/1/1974
919,31,5,1974,n,spring,summer,5/31/1974
920,3,4,1974,n,spring,summer,4/3/1974
921,29,4,1974,n,spring,summer,4/29/1974
922,2,5,1974,n,spring,summer,5/2/1974
923,17,5,1974,n,spring,summer,5/17/1974
924,21,5,1974,n,spring,summer,5/21/1974
925,3,7,1974,n,summer,autumn,7/3/1974
926,30,10,1974,n,autumn,winter,10/30/1974
927,1,1,1975,n,winter,spring,1/1/1975
928,1,3,1975,y,spring,spring,3/1/1975
929,1,4,1975,n,spring,summer,4/1/1975
930,31,5,1975,y,spring,summer,5/31/1975
931,1,6,1975,y,summer,summer,6/1/1975
932,25,6,1975,n,summer,summer,6/25/1975
933,22,7,1975,n,summer,autumn,7/22/1975
934,25,7,1975,n,summer,autumn,7/25/1975
935,28,7,1975,n,summer,autumn,7/28/1975
936,10,11,1975,n,autumn,winter,11/10/1975
937,2,1,1976,n,winter,spring,1/2/1976
938,1,2,1976,y,winter,spring,2/1/1976
939,4,5,1976,n,spring,summer,5/4/1976
940,2,2,1976,n,winter,spring,2/2/1976
941,3,2,1976,n,winter,spring,2/3/1976
942,1,1,1977,y,winter,spring,1/1/1977
943,28,1,1977,n,winter,spring,1/28/1977
944,31,1,1977,n,winter,spring,1/31/1977
945,1,3,1976,n,spring,spring,3/1/1976
946,15,4,1976,n,spring,summer,4/15/1976
947,15,7,1976,n,summer,autumn,7/15/1976
948,27,12,1977,n,winter,winter,12/27/1977
949,31,3,1976,n,spring,spring,3/31/1976
950,5,4,1976,n,spring,summer,4/5/1976
951,1,4,1976,n,spring,summer,4/1/1976
952,1,2,1978,n,winter,spring,2/1/1978
953,11,2,1978,y,winter,spring,2/11/1978
954,12,7,1976,n,summer,autumn,7/12/1976
955,10,8,1976,n,summer,autumn,8/10/1976
956,11,8,1976,n,summer,autumn,8/11/1976
957,26,12,1976,y,winter,winter,12/26/1976
958,27,8,1976,n,summer,autumn,8/27/1976
959,13,3,1977,y,spring,spring,3/13/1977
960,12,4,1978,n,spring,summer,4/12/1978
961,25,5,1978,n,spring,summer,5/25/1978
962,4,8,1978,n,summer,autumn,8/4/1978
963,1,1,1978,y,winter,spring,1/1/1978
964,1,4,1978,y,spring,summer,4/1/1978
965,31,8,1978,n,summer,autumn,8/31/1978
966,14,1,1978,y,winter,spring,1/14/1978
967,16,1,1978,n,winter,spring,1/16/1978
968,24,1,1978,n,winter,spring,1/24/1978
969,26,1,1978,n,winter,spring,1/26/1978
970,10,7,1978,n,summer,autumn,7/10/1978
971,11,7,1978,n,summer,autumn,7/11/1978
972,5,9,1978,n,autumn,autumn,9/5/1978
973,1,1,1979,n,winter,spring,1/1/1979
974,8,2,1979,n,winter,spring,2/8/1979
975,20,2,1979,n,winter,spring,2/20/1979
976,14,2,1979,n,winter,spring,2/14/1979
977,24,2,1979,y,winter,spring,2/24/1979
978,29,3,1979,n,spring,spring,3/29/1979
979,21,2,1979,n,winter,spring,2/21/1979
980,5,3,1979,n,spring,spring,3/5/1979
981,3,5,1979,n,spring,summer,5/3/1979
982,1,4,1979,y,spring,summer,4/1/1979
983,31,5,1979,n,spring,summer,5/31/1979
984,1,1,1980,n,winter,spring,1/1/1980
985,12,5,1979,y,spring,summer,5/12/1979
986,5,6,1979,n,summer,summer,6/5/1979
987,7,8,1979,n,summer,autumn,8/7/1979
988,6,9,1979,n,autumn,autumn,9/6/1979
989,7,9,1979,n,autumn,autumn,9/7/1979
990,13,9,1979,n,autumn,autumn,9/13/1979
991,10,11,1979,y,autumn,winter,11/10/1979
992,16,11,1979,n,autumn,winter,11/16/1979
993,20,5,1980,n,spring,summer,5/20/1980
994,28,5,1980,n,spring,summer,5/28/1980
995,18,12,1979,n,winter,winter,12/18/1979
996,1,6,1980,y,summer,summer,6/1/1980
997,6,7,1980,y,summer,autumn,7/6/1980
998,7,7,1980,n,summer,autumn,7/7/1980
999,14,7,1980,n,summer,autumn,7/14/1980
1000,4,12,1980,n,winter,winter,12/4/1980
1001,21,3,1980,n,spring,spring,3/21/1980
1002,22,3,1980,y,spring,spring,3/22/1980
1003,26,12,1980,n,winter,winter,12/26/1980
1004,27,12,1980,y,winter,winter,12/27/1980
1005,1,1,1981,n,winter,spring,1/1/1981
1006,18,2,1981,n,winter,spring,2/18/1981
1007,20,2,1981,n,winter,spring,2/20/1981
1008,23,2,1981,n,winter,spring,2/23/1981
1009,29,4,1981,n,spring,summer,4/29/1981
1010,3,7,1981,n,summer,autumn,7/3/1981
1011,28,7,1981,n,summer,autumn,7/28/1981
1012,1,8,1981,y,summer,autumn,8/1/1981
1013,28,10,1981,n,autumn,winter,10/28/1981
1014,1,1,1982,n,winter,spring,1/1/1982
1015,30,10,1981,n,autumn,winter,10/30/1981
1016,31,10,1981,y,autumn,winter,10/31/1981
1017,1,6,1982,n,summer,summer,6/1/1982
1018,6,6,1982,y,summer,summer,6/6/1982
1019,19,1,1982,n,winter,spring,1/19/1982
1020,1,2,1982,n,winter,spring,2/1/1982
1021,5,1,1982,n,winter,spring,1/5/1982
1022,14,2,1982,y,winter,spring,2/14/1982
1023,22,2,1982,n,winter,spring,2/22/1982
1024,28,2,1982,y,winter,spring,2/28/1982
1025,17,4,1982,y,spring,summer,4/17/1982
1026,31,5,1982,n,spring,summer,5/31/1982
1027,14,6,1982,n,summer,summer,6/14/1982
1028,14,10,1982,n,autumn,winter,10/14/1982
1029,1,1,1983,y,winter,spring,1/1/1983
1030,13,7,1982,n,summer,autumn,7/13/1982
1031,3,8,1982,n,summer,autumn,8/3/1982
1032,10,1,1983,n,winter,spring,1/10/1983
1033,6,3,1983,y,spring,spring,3/6/1983
1034,19,3,1983,y,spring,spring,3/19/1983
1035,20,3,1983,y,spring,spring,3/20/1983
1036,3,5,1983,n,spring,summer,5/3/1983
1037,1,7,1983,n,summer,autumn,7/1/1983
1038,14,7,1983,n,summer,autumn,7/14/1983
1039,31,8,1983,n,summer,autumn,8/31/1983
1040,11,1,1983,n,winter,spring,1/11/1983
1041,19,1,1983,n,winter,spring,1/19/1983
1042,2,6,1983,n,summer,summer,6/2/1983
1043,24,6,1983,n,summer,summer,6/24/1983
1044,28,2,1983,n,winter,spring,2/28/1983
1045,10,3,1983,n,spring,spring,3/10/1983
1046,10,5,1983,n,spring,summer,5/10/1983
1047,8,7,1983,n,summer,autumn,7/8/1983
1048,9,7,1983,y,summer,autumn,7/9/1983
1049,3,8,1983,n,summer,autumn,8/3/1983
1050,25,10,1983,n,autumn,winter,10/25/1983
1051,7,12,1983,n,winter,winter,12/7/1983
1052,22,12,1983,n,winter,winter,12/22/1983
1053,25,12,1983,y,winter,winter,12/25/1983
1054,1,6,1984,n,summer,summer,6/1/1984
1055,31,8,1984,n,summer,autumn,8/31/1984
1056,1,1,1984,y,winter,spring,1/1/1984
1057,5,2,1984,y,winter,spring,2/5/1984
1058,8,2,1984,n,winter,spring,2/8/1984
1059,4,1,1984,n,winter,spring,1/4/1984
1060,5,1,1984,n,winter,spring,1/5/1984
1061,13,2,1984,n,winter,spring,2/13/1984
1062,17,2,1984,n,winter,spring,2/17/1984
1063,25,4,1984,n,spring,summer,4/25/1984
1064,6,5,1984,y,spring,summer,5/6/1984
1065,27,4,1984,n,spring,summer,4/27/1984
1066,28,4,1984,y,spring,summer,4/28/1984
1067,15,6,1984,n,summer,summer,6/15/1984
1068,31,7,1984,n,summer,autumn,7/31/1984
1069,13,4,1984,n,spring,summer,4/13/1984
1070,15,4,1984,y,spring,summer,4/15/1984
1071,30,4,1984,n,spring,summer,4/30/1984
1072,8,5,1984,n,spring,summer,5/8/1984
1073,3,5,1985,n,spring,summer,5/3/1985
1074,15,7,1984,y,summer,autumn,7/15/1984
1075,2,9,1984,y,autumn,autumn,9/2/1984
1076,3,9,1984,n,autumn,autumn,9/3/1984
1077,6,10,1984,y,autumn,winter,10/6/1984
1078,1,1,1985,n,winter,spring,1/1/1985
1079,8,10,1984,n,autumn,winter,10/8/1984
1080,11,10,1984,n,autumn,winter,10/11/1984
1081,12,10,1984,n,autumn,winter,10/12/1984
1082,23,2,1985,y,winter,spring,2/23/1985
1083,2,3,1985,y,spring,spring,3/2/1985
1084,30,5,1985,n,spring,summer,5/30/1985
1085,1,5,1985,n,spring,summer,5/1/1985
1086,31,8,1985,y,summer,autumn,8/31/1985
1087,23,6,1985,y,summer,summer,6/23/1985
1088,21,1,1986,n,winter,spring,1/21/1986
1089,8,2,1986,y,winter,spring,2/8/1986
1090,31,3,1985,y,spring,spring,3/31/1985
1091,6,4,1985,y,spring,summer,4/6/1985
1092,31,5,1985,n,spring,summer,5/31/1985
1093,31,3,1986,n,spring,spring,3/31/1986
1094,24,12,1986,n,winter,winter,12/24/1986
1095,1,7,1985,n,summer,autumn,7/1/1985
1096,2,12,1985,n,winter,winter,12/2/1985
1097,12,12,1985,n,winter,winter,12/12/1985
1098,1,8,1986,n,summer,autumn,8/1/1986
1099,1,1,1986,n,winter,spring,1/1/1986
1100,12,11,1992,n,autumn,winter,11/12/1992
1101,13,11,1992,n,autumn,winter,11/13/1992
1102,30,3,1986,y,spring,spring,3/30/1986
1103,13,5,1987,n,spring,summer,5/13/1987
1104,17,11,1987,n,autumn,winter,11/17/1987
1105,23,3,1987,n,spring,spring,3/23/1987
1106,27,7,2009,n,summer,autumn,7/27/2009
1107,19,4,2011,n,spring,summer,4/19/2011
1108,17,6,2011,n,summer,summer,6/17/2011
1109,15,2,2011,n,winter,spring,2/15/2011
1110,25,2,2011,n,winter,spring,2/25/2011
1111,15,5,2011,y,spring,summer,5/15/2011
1112,22,5,2011,y,spring,summer,5/22/2011
1113,15,6,2011,n,summer,summer,6/15/2011
1114,16,6,2011,n,summer,summer,6/16/2011
1115,17,4,2011,y,spring,summer,4/17/2011
1116,22,6,2011,n,summer,summer,6/22/2011
1117,12,6,2011,y,summer,summer,6/12/2011
1118,14,6,2011,n,summer,summer,6/14/2011
1119,2,6,2011,n,summer,summer,6/2/2011
1120,9,7,2011,y,summer,autumn,7/9/2011
1121,9,6,2011,n,summer,summer,6/9/2011
1122,10,5,2011,n,spring,summer,5/10/2011
1123,28,5,2011,y,spring,summer,5/28/2011
1124,28,6,2011,n,summer,summer,6/28/2011
1125,29,5,2011,y,spring,summer,5/29/2011
1126,31,5,2011,n,spring,summer,5/31/2011
1127,7,11,2010,y,autumn,winter,11/7/2010
1128,4,9,2010,y,autumn,autumn,9/4/2010
1129,2,2,2003,y,winter,spring,2/2/2003
1130,13,12,2008,y,winter,winter,12/13/2008
1131,21,6,2011,n,summer,summer,6/21/2011
1132,27,6,2011,n,summer,summer,6/27/2011
1133,6,7,2011,n,summer,autumn,7/6/2011
1134,25,7,2011,n,summer,autumn,7/25/2011
1135,12,7,2011,n,summer,autumn,7/12/2011
1136,14,7,2011,n,summer,autumn,7/14/2011
1137,20,8,2011,y,summer,autumn,8/20/2011
1138,21,8,2011,y,summer,autumn,8/21/2011
1139,22,8,2011,n,summer,autumn,8/22/2011
1140,24,9,2010,n,autumn,autumn,9/24/2010
1141,25,9,2010,y,autumn,autumn,9/25/2010
1142,20,11,2009,n,autumn,winter,11/20/2009
1143,28,8,2011,y,summer,autumn,8/28/2011
1144,30,8,2011,n,summer,autumn,8/30/2011
1145,23,3,2012,n,spring,spring,3/23/2012
1146,25,3,2012,y,spring,spring,3/25/2012
1147,24,3,2012,y,spring,spring,3/24/2012
1148,1,4,2012,y,spring,summer,4/1/2012
1149,19,8,2005,n,summer,autumn,8/19/2005
1150,11,7,2012,n,summer,autumn,7/11/2012
1151,20,7,2012,n,summer,autumn,7/20/2012
1152,13,3,1989,n,spring,spring,3/13/1989
1153,11,3,2011,n,spring,spring,3/11/2011
1154,23,6,2012,y,summer,summer,6/23/2012
1155,25,6,2012,n,summer,summer,6/25/2012
1156,2,10,2012,n,autumn,winter,10/2/2012
1157,3,10,2012,n,autumn,winter,10/3/2012
1158,9,9,2012,y,autumn,autumn,9/9/2012
1159,12,9,2012,n,autumn,autumn,9/12/2012
1160,20,5,2012,y,spring,summer,5/20/2012
1161,29,5,2012,n,spring,summer,5/29/2012
1162,28,5,2012,n,spring,summer,5/28/2012
1163,31,7,2012,n,summer,autumn,7/31/2012
1164,10,10,2012,n,autumn,winter,10/10/2012
1165,8,7,2013,n,summer,autumn,7/8/2013
1166,6,7,2013,y,summer,autumn,7/6/2013
1167,,,,,unknown,unknown,unknown
1168,19,11,9658,n,autumn,winter,11/19/9658
1169,6,6,2012,n,summer,summer,6/6/2012
1170,30,6,2012,y,summer,summer,6/30/2012
1171,27,5,2013,n,spring,summer,5/27/2013
1172,31,5,2013,n,spring,summer,5/31/2013
1173,19,6,2013,n,summer,summer,6/19/2013
1174,28,6,2013,n,summer,summer,6/28/2013
1175,24,5,2012,n,spring,summer,5/24/2012
1176,7,6,2012,n,summer,summer,6/7/2012
1177,12,7,2010,n,summer,autumn,7/12/2010
1178,19,10,2013,y,autumn,winter,10/19/2013
1179,22,10,2013,n,autumn,winter,10/22/2013
1180,24,6,2012,y,summer,summer,6/24/2012
1181,23,7,2012,n,summer,autumn,7/23/2012
1182,1,8,2012,n,summer,autumn,8/1/2012
1183,10,9,2012,n,autumn,autumn,9/10/2012
1184,11,9,2012,n,autumn,autumn,9/11/2012
1185,6,8,2012,n,summer,autumn,8/6/2012
1186,1,7,2014,n,summer,autumn,7/1/2014
1187,30,9,2014,n,autumn,autumn,9/30/2014
1188,1,6,2014,y,summer,summer,6/1/2014
1189,18,9,2014,n,autumn,autumn,9/18/2014
1190,21,6,2013,n,summer,summer,6/21/2013
1191,26,2,2012,y,winter,spring,2/26/2012
1192,27,2,2012,n,winter,spring,2/27/2012
1193,4,8,2014,n,summer,autumn,8/4/2014
1194,12,8,2014,n,summer,autumn,8/12/2014
1195,22,10,2014,n,autumn,winter,10/22/2014
1196,23,1,2014,n,winter,spring,1/23/2014
1197,1,2,2014,y,winter,spring,2/1/2014
1198,15,4,2014,n,spring,summer,4/15/2014
1199,2,5,2014,n,spring,summer,5/2/2014
1200,20,10,2014,n,autumn,winter,10/20/2014
1201,21,10,2014,n,autumn,winter,10/21/2014
1202,21,12,2013,y,winter,winter,12/21/2013
1203,26,12,2013,n,winter,winter,12/26/2013
1204,29,4,2013,n,spring,summer,4/29/2013
1205,10,8,7693,n,summer,autumn,8/10/7693
1206,5,7,2014,y,summer,autumn,7/5/2014
1207,6,7,2014,y,summer,autumn,7/6/2014
1208,20,12,2013,n,winter,winter,12/20/2013
1209,3,1,2014,n,winter,spring,1/3/2014
1210,14,4,2014,n,spring,summer,4/14/2014
1211,1,5,2014,n,spring,summer,5/1/2014
1212,25,6,2014,n,summer,summer,6/25/2014
1213,14,7,2014,n,summer,autumn,7/14/2014
1214,15,6,2014,y,summer,summer,6/15/2014
1215,30,12,1899,y,winter,winter,12/30/1899
1216,1,7,2015,n,summer,autumn,7/1/2015
1217,18,7,2015,y,summer,autumn,7/18/2015
1218,2,8,2015,y,summer,autumn,8/2/2015
1219,3,8,2015,n,summer,autumn,8/3/2015
1220,17,4,2015,n,spring,summer,4/17/2015
1221,11,5,2015,n,spring,summer,5/11/2015
1222,7,3,2015,y,spring,spring,3/7/2015
1223,9,3,2015,n,spring,spring,3/9/2015
1224,22,6,2015,n,summer,summer,6/22/2015
1225,23,6,2015,n,summer,summer,6/23/2015
1226,28,3,2015,y,spring,spring,3/28/2015
1227,25,4,2015,y,spring,summer,4/25/2015
1228,12,5,2015,n,spring,summer,5/12/2015
1229,15,2,2015,y,winter,spring,2/15/2015
1230,17,2,2015,n,winter,spring,2/17/2015
1231,28,5,2015,n,spring,summer,5/28/2015
1232,29,5,2015,n,spring,summer,5/29/2015
1233,18,4,2015,y,spring,summer,4/18/2015
1234,20,4,2015,n,spring,summer,4/20/2015
1235,16,2,2015,n,winter,spring,2/16/2015
1236,18,2,2015,n,winter,spring,2/18/2015
1237,9,5,2015,y,spring,summer,5/9/2015
1238,11,9,2015,n,autumn,autumn,9/11/2015
1239,29,8,2015,y,summer,autumn,8/29/2015
1240,8,4,2015,n,spring,summer,4/8/2015
1241,12,6,2015,n,summer,summer,6/12/2015
1242,22,7,2015,n,summer,autumn,7/22/2015
1243,4,8,2015,n,summer,autumn,8/4/2015
1244,5,8,2015,n,summer,autumn,8/5/2015
1245,29,6,2015,n,summer,summer,6/29/2015
1246,12,7,2015,y,summer,autumn,7/12/2015
1247,29,9,2016,n,autumn,autumn,9/29/2016
1248,27,11,2016,y,autumn,winter,11/27/2016
1249,29,11,2016,n,autumn,winter,11/29/2016
1250,25,12,2016,y,winter,winter,12/25/2016
1251,26,10,2016,n,autumn,winter,10/26/2016
1252,21,12,2016,n,winter,winter,12/21/2016
1253,21,7,2016,n,summer,autumn,7/21/2016
1254,14,11,2016,n,autumn,winter,11/14/2016
1255,18,11,2016,n,autumn,winter,11/18/2016
1256,24,2,2016,n,winter,spring,2/24/2016
1257,26,2,2016,n,winter,spring,2/26/2016
1258,23,3,2016,n,spring,spring,3/23/2016
1259,26,3,2016,y,spring,spring,3/26/2016
1260,8,7,2016,n,summer,autumn,7/8/2016
1261,29,3,2016,n,spring,spring,3/29/2016
1262,28,3,2016,n,spring,spring,3/28/2016
1263,27,6,2016,n,summer,summer,6/27/2016
1264,28,6,2016,n,summer,summer,6/28/2016
1265,27,4,2016,n,spring,summer,4/27/2016
1266,30,4,2016,y,spring,summer,4/30/2016
1267,9,10,2016,y,autumn,winter,10/9/2016
1268,13,10,2016,n,autumn,winter,10/13/2016
1269,5,4,2016,n,spring,summer,4/5/2016
1270,23,6,2016,n,summer,summer,6/23/2016
1271,20,7,2016,n,summer,autumn,7/20/2016
1272,4,8,2016,n,summer,autumn,8/4/2016
1273,21,8,2016,y,summer,autumn,8/21/2016
1274,25,8,2016,n,summer,autumn,8/25/2016
1275,3,7,2016,y,summer,autumn,7/3/2016
1276,6,7,2016,n,summer,autumn,7/6/2016
1277,12,10,2016,n,autumn,winter,10/12/2016
1278,16,10,2016,y,autumn,winter,10/16/2016
1279,6,10,2016,n,autumn,winter,10/6/2016
1280,8,10,2016,y,autumn,winter,10/8/2016
1281,9,3,2016,n,spring,spring,3/9/2016
1282,10,3,2016,n,spring,spring,3/10/2016
1283,15,6,2016,n,summer,summer,6/15/2016
1284,17,6,2016,n,summer,summer,6/17/2016
1285,24,6,2016,n,summer,summer,6/24/2016
1286,25,6,2016,y,summer,summer,6/25/2016
1287,18,7,2016,n,summer,autumn,7/18/2016
1288,11,7,2016,n,summer,autumn,7/11/2016
1289,30,6,2016,n,summer,summer,6/30/2016
1290,15,7,2016,n,summer,autumn,7/15/2016
1291,16,7,2016,y,summer,autumn,7/16/2016
1292,18,4,2016,n,spring,summer,4/18/2016
1293,21,4,2016,n,spring,summer,4/21/2016
1294,30,7,2016,y,summer,autumn,7/30/2016
1295,31,7,2016,y,summer,autumn,7/31/2016
1296,1,6,2016,n,summer,summer,6/1/2016
